longitude,latitude,ZS,BLD_HEIGHT,X,Y
2.219088554382320,48.917449951171903,37.875290000000000,999.000000000000000,642769.455,6868889.684
2.227633237838750,48.917449951171903,38.538960000000003,6.828330000000000,643395.648,6868883.525
2.236177921295170,48.917446136474602,39.878900000000002,6.555000000000000,644021.837,6868877.009
2.244722604751590,48.917446136474602,40.996099999999998,7.451670000000000,644648.031,6868870.986
2.253267049789430,48.917442321777301,40.853569999999998,9.227499999999999,645274.205,6868864.606
2.261811733245850,48.917438507080099,39.940260000000002,9.150000000000000,645900.397,6868858.293
2.270356416702270,48.917430877685497,37.222239999999999,10.527500000000000,646526.585,6868851.625
2.278900861740110,48.917427062988303,33.663469999999997,9.008330000000001,647152.761,6868845.448
2.287445545196530,48.917419433593800,32.637500000000003,10.199999999999999,647778.951,6868838.915
2.295989990234380,48.917415618896499,31.183119999999999,10.093330000000000,648405.128,6868832.874
2.304534673690800,48.917407989502003,30.169160000000002,10.734999999999999,649031.319,6868826.476
2.313079357147220,48.917400360107401,29.567049999999998,9.796670000000001,649657.512,6868820.146
2.321623802185060,48.917392730712898,31.585709999999999,9.945000000000000,650283.687,6868813.884
2.330168485641480,48.917381286621101,37.363799999999998,8.925000000000001,650909.878,6868807.266
2.338713169097900,48.917373657226598,37.613309999999998,7.137500000000000,651536.072,6868801.139
2.347257614135740,48.917362213134801,37.904870000000003,8.723330000000001,652162.247,6868794.656
2.355802297592160,48.917350769042997,38.119639999999997,8.650000000000000,652788.439,6868788.241
2.364346742630000,48.917339324951200,37.842860000000002,7.831670000000000,653414.616,6868781.894
2.372891426086430,48.917327880859403,38.661040000000000,6.900000000000000,654040.810,6868775.614
2.381435871124270,48.917316436767599,40.010710000000003,8.585000000000001,654666.988,6868769.402
2.389980554580690,48.917301177978501,42.373210000000000,7.945000000000000,655293.180,6868762.833
2.398524999618530,48.917289733886697,43.729709999999997,13.525000000000000,655919.360,6868756.757
2.407069683074950,48.917274475097699,42.829059999999998,11.715000000000000,656545.554,6868750.324
2.415614128112790,48.917259216308601,43.495780000000003,10.963329999999999,657171.732,6868743.959
2.424158811569210,48.917243957519503,44.957140000000003,6.880000000000000,657797.928,6868737.662
2.432703256607060,48.917228698730497,47.093389999999999,999.000000000000000,658424.108,6868731.432
2.219086647033690,48.911834716796903,40.314190000000004,999.000000000000000,642763.140,6868265.297
2.227630376815800,48.911834716796903,37.860880000000002,8.526669999999999,643389.330,6868259.138
2.236173868179320,48.911830902099602,40.637659999999997,8.678330000000001,644015.500,6868252.622
2.244717597961430,48.911830902099602,43.082009999999997,8.608890000000001,644641.692,6868246.599
2.253261327743530,48.911827087402301,44.239879999999999,11.601670000000000,645267.881,6868240.219
2.261805057525640,48.911823272705099,43.839100000000002,9.616669999999999,645894.070,6868233.906
2.270348787307740,48.911815643310497,41.046210000000002,10.318330000000000,646520.256,6868227.238
2.278892278671270,48.911811828613303,35.377490000000002,10.997780000000001,647146.429,6868221.061
2.287436008453370,48.911804199218800,32.533929999999998,12.383330000000001,647772.617,6868214.528
2.295979738235470,48.911800384521499,31.112200000000001,11.588889999999999,648398.809,6868208.486
2.304523468017580,48.911792755127003,32.501950000000001,16.066669999999998,649024.999,6868202.089
2.313067197799680,48.911785125732401,31.766369999999998,9.276669999999999,649651.189,6868195.759
2.321610689163210,48.911777496337898,33.116669999999999,9.305000000000000,650277.362,6868189.497
2.330154418945310,48.911766052246101,37.263959999999997,9.180000000000000,650903.550,6868182.878
2.338698148727420,48.911758422851598,38.402110000000000,7.651670000000000,651529.742,6868176.751
2.347241640090940,48.911746978759801,38.526460000000000,7.805000000000000,652155.914,6868170.268
2.355785369873050,48.911735534667997,38.500300000000003,9.503330000000000,652782.105,6868163.853
2.364329099655150,48.911724090576200,39.536040000000000,8.130000000000001,653408.296,6868157.505
2.372872591018680,48.911712646484403,41.442149999999998,8.606669999999999,654034.471,6868151.225
2.381416320800780,48.911701202392599,43.054490000000001,7.163330000000000,654660.663,6868145.013
2.389960050582890,48.911685943603501,44.614579999999997,8.638330000000000,655286.854,6868138.445
2.398503541946410,48.911674499511697,45.075760000000002,10.977140000000000,655913.031,6868132.368
2.407047271728520,48.911659240722699,44.197110000000002,12.240000000000000,656539.223,6868125.935
2.415590763092040,48.911643981933601,44.725160000000002,10.021430000000001,657165.399,6868119.570
2.424134492874150,48.911628723144503,45.641069999999999,7.923330000000000,657791.592,6868113.272
2.432678222656250,48.911613464355497,50.277479999999997,999.000000000000000,658417.787,6868107.043
2.219084501266480,48.906219482421903,42.903309999999998,999.000000000000000,642756.807,6867640.913
2.227627277374270,48.906219482421903,41.781979999999997,8.490000000000000,643382.996,6867634.754
2.236170053482060,48.906215667724602,43.387689999999999,9.342499999999999,644009.180,6867628.238
2.244712829589840,48.906215667724602,44.701030000000003,8.821669999999999,644635.370,6867622.215
2.253255605697630,48.906211853027301,45.530949999999997,10.574999999999999,645261.556,6867615.835
2.261798381805420,48.906208038330099,44.832900000000002,13.060000000000000,645887.743,6867609.522
2.270341157913210,48.906200408935497,40.749969999999998,11.447500000000000,646513.927,6867602.854
2.278883934021000,48.906196594238303,33.766230000000000,12.550000000000001,647140.115,6867596.677
2.287426710128780,48.906188964843800,32.999110000000002,10.234999999999999,647766.301,6867590.143
2.295969486236570,48.906185150146499,33.431930000000001,12.681670000000000,648392.491,6867584.102
2.304512023925780,48.906177520752003,34.856659999999998,15.355000000000000,649018.660,6867577.705
2.313054800033570,48.906169891357401,36.043830000000000,16.001670000000001,649644.848,6867571.374
2.321597576141360,48.906162261962898,39.456249999999997,10.757500000000000,650271.036,6867565.112
2.330140352249150,48.906150817871101,42.308059999999998,8.726670000000000,650897.222,6867558.493
2.338683128356930,48.906143188476598,43.425809999999998,7.200000000000000,651523.412,6867552.367
2.347225904464720,48.906131744384801,42.398840000000000,8.195000000000000,652149.599,6867545.883
2.355768680572510,48.906120300292997,41.170830000000002,8.942500000000001,652775.787,6867539.468
2.364311218261720,48.906108856201200,42.476869999999998,8.946669999999999,653401.958,6867533.120
2.372853994369510,48.906097412109403,43.213200000000001,8.527500000000000,654028.148,6867526.840
2.381396770477290,48.906085968017599,45.743530000000000,11.650000000000000,654654.339,6867520.628
2.389939546585080,48.906074523925803,47.027380000000001,8.607500000000000,655280.530,6867514.483
2.398482084274290,48.906059265136697,46.524790000000003,7.816000000000000,655906.702,6867507.983
2.407024860382080,48.906044006347699,46.549920000000000,5.895000000000000,656532.891,6867501.549
2.415567636489870,48.906028747558601,49.351579999999998,8.715000000000000,657159.082,6867495.184
2.424110412597660,48.906013488769503,50.835419999999999,7.370000000000000,657785.274,6867488.886
2.432652950286860,48.905998229980497,56.523640000000000,999.000000000000000,658411.448,6867482.656
2.219082593917850,48.900604248046903,46.289259999999999,999.000000000000000,642750.492,6867016.532
2.227624416351320,48.900604248046903,50.924190000000003,16.734439999999999,643376.678,6867010.373
2.236166238784790,48.900600433349602,50.444319999999998,17.496670000000002,644002.861,6867003.858
2.244708061218260,48.900600433349602,48.529249999999998,11.334440000000001,644629.048,6866997.834
2.253249883651730,48.900596618652301,45.164879999999997,13.743330000000000,645255.232,6866991.454
2.261791706085210,48.900592803955099,40.355170000000001,14.141109999999999,645881.416,6866985.142
2.270333528518680,48.900585174560497,36.791989999999998,17.555000000000000,646507.598,6866978.473
2.278875350952150,48.900581359863303,34.616770000000002,16.993330000000000,647133.784,6866972.296
2.287417173385620,48.900577545166001,35.523209999999999,16.933330000000002,647759.971,6866966.187
2.295958995819090,48.900569915771499,35.407820000000001,10.147779999999999,648386.154,6866959.721
2.304500818252560,48.900562286377003,35.311360000000001,10.571669999999999,649012.339,6866953.323
2.313042640686040,48.900554656982401,39.115560000000002,11.876670000000001,649638.524,6866946.993
2.321584463119510,48.900547027587898,47.870240000000003,17.465000000000000,650264.710,6866940.731
2.330126285552980,48.900535583496101,54.356980000000000,16.345559999999999,650890.894,6866934.112
2.338668107986450,48.900527954101598,55.315260000000002,17.795000000000002,651517.081,6866927.985
2.347209930419920,48.900516510009801,49.585549999999998,10.642220000000000,652143.266,6866921.502
2.355751752853390,48.900505065917997,46.862800000000000,11.038330000000000,652769.452,6866915.086
2.364293575286860,48.900493621826200,48.295290000000001,17.705559999999998,653395.638,6866908.738
2.372835397720340,48.900482177734403,48.053519999999999,13.496670000000000,654021.826,6866902.458
2.381377220153810,48.900470733642599,49.261960000000002,16.532219999999999,654648.014,6866896.246
2.389919042587280,48.900459289550803,50.796729999999997,8.795000000000000,655274.203,6866890.101
2.398460865020750,48.900444030761697,52.209519999999998,10.075559999999999,655900.389,6866883.600
2.407002449035640,48.900428771972699,51.560180000000003,11.211670000000000,656526.559,6866877.167
2.415544271469120,48.900413513183601,53.130060000000000,13.168889999999999,657152.748,6866870.801
2.424086093902590,48.900398254394503,55.227980000000002,5.968330000000000,657778.937,6866864.503
2.432627916336060,48.900382995605497,67.129120000000000,999.000000000000000,658405.127,6866858.273
2.219080448150640,48.894989013671903,50.115569999999998,999.000000000000000,642744.160,6866392.155
2.227621316909790,48.894989013671903,61.417070000000002,32.756670000000000,643370.343,6866385.996
2.236162185668940,48.894985198974602,56.374890000000001,27.449999999999999,643996.524,6866379.480
2.244703292846680,48.894985198974602,47.840290000000003,24.684999999999999,644622.726,6866373.457
2.253244161605830,48.894981384277301,38.428570000000001,16.777500000000000,645248.907,6866367.076
2.261785030364990,48.894977569580099,35.325319999999998,15.045000000000000,645875.090,6866360.764
2.270325899124150,48.894969940185497,35.659250000000000,18.059999999999999,646501.269,6866354.095
2.278866767883300,48.894966125488303,36.994970000000002,15.763330000000000,647127.452,6866347.918
2.287407636642460,48.894962310791001,38.757140000000000,17.642499999999998,647753.637,6866341.809
2.295948743820190,48.894954681396499,39.097560000000001,23.201670000000000,648379.836,6866335.343
2.304489612579350,48.894947052002003,39.513800000000003,12.762499999999999,649006.018,6866328.945
2.313030481338500,48.894939422607401,44.597560000000001,13.311669999999999,649632.201,6866322.615
2.321571350097660,48.894931793212898,56.989289999999997,20.042500000000000,650258.384,6866316.353
2.330112218856810,48.894920349121101,70.140580000000000,19.236670000000000,650884.565,6866309.734
2.338653087615970,48.894912719726598,74.363150000000005,20.715000000000000,651510.750,6866303.607
2.347193956375120,48.894901275634801,61.303080000000001,14.436669999999999,652136.933,6866297.124
2.355735063552860,48.894889831542997,54.003570000000003,15.502500000000000,652763.134,6866290.708
2.364275932312010,48.894878387451200,52.535060000000001,10.683330000000000,653389.318,6866284.360
2.372816801071170,48.894866943359403,54.077919999999999,18.170000000000002,654015.503,6866278.079
2.381357669830320,48.894855499267599,55.293990000000001,12.605000000000000,654641.689,6866271.867
2.389898538589480,48.894844055175803,56.958930000000002,13.862500000000001,655267.875,6866265.722
2.398439407348630,48.894828796386697,59.765749999999997,11.126670000000001,655894.059,6866259.221
2.406980276107790,48.894813537597699,61.856009999999998,14.172499999999999,656520.244,6866252.787
2.415521144866940,48.894798278808601,69.368430000000004,10.446669999999999,657146.430,6866246.422
2.424062013626100,48.894783020019503,75.110420000000005,6.395000000000000,657772.617,6866240.124
2.432602643966670,48.894767761230497,79.036320000000003,999.000000000000000,658398.787,6866233.893
2.219078302383420,48.889373779296903,53.813510000000001,999.000000000000000,642737.827,6865767.781
2.227618455886840,48.889373779296903,66.242230000000006,17.576670000000000,643364.026,6865761.622
2.236158370971680,48.889369964599602,50.250599999999999,17.421669999999999,643990.204,6865755.106
2.244698286056520,48.889369964599602,40.321100000000001,19.408890000000000,644616.386,6865749.082
2.253238439559940,48.889366149902301,37.596130000000002,20.539999999999999,645242.583,6865742.702
2.261778354644770,48.889362335205099,39.365580000000001,16.922219999999999,645868.763,6865736.390
2.270318269729610,48.889354705810497,40.297020000000003,15.726670000000000,646494.939,6865729.721
2.278858423233030,48.889350891113303,40.560519999999997,18.154440000000001,647121.138,6865723.544
2.287398338317870,48.889347076416001,42.680650000000000,19.366669999999999,647747.320,6865717.435
2.295938253402710,48.889339447021499,46.489530000000002,22.446670000000001,648373.499,6865710.969
2.304478168487550,48.889331817627003,50.485819999999997,19.151669999999999,648999.679,6865704.571
2.313018321990970,48.889324188232401,55.669890000000002,16.848890000000001,649625.877,6865698.241
2.321558237075810,48.889316558837898,65.811310000000006,16.701670000000000,650252.058,6865691.978
2.330098152160640,48.889305114746101,79.461389999999994,16.347780000000000,650878.237,6865685.359
2.338638305664060,48.889297485351598,87.535820000000001,15.711670000000000,651504.437,6865679.232
2.347178220748900,48.889286041259801,70.786090000000002,16.645560000000000,652130.617,6865672.748
2.355718135833740,48.889274597167997,58.452680000000001,15.036670000000001,652756.798,6865666.332
2.364258050918580,48.889263153076200,55.433740000000000,16.539999999999999,653382.980,6865659.984
2.372797966003420,48.889251708984403,59.713740000000001,18.203330000000001,654009.162,6865653.704
2.381338119506840,48.889240264892599,64.685230000000004,16.594439999999999,654635.363,6865647.491
2.389878034591670,48.889228820800803,68.861310000000003,18.785000000000000,655261.547,6865641.346
2.398417949676510,48.889213562011697,70.482900000000001,8.558890000000000,655887.729,6865634.845
2.406957864761350,48.889198303222699,80.522890000000004,8.215000000000000,656513.912,6865628.411
2.415497779846190,48.889183044433601,100.331710000000001,6.992220000000000,657140.095,6865622.045
2.424037694931030,48.889167785644503,109.664879999999997,8.146670000000000,657766.280,6865615.747
2.432577610015870,48.889152526855497,88.659840000000003,999.000000000000000,658392.465,6865609.517
2.219076395034790,48.883758544921903,56.921520000000001,999.000000000000000,642731.513,6865143.410
2.227615356445310,48.883758544921903,52.885420000000003,11.713329999999999,643357.691,6865137.251
2.236154556274410,48.883754730224602,38.615479999999998,11.050000000000001,643983.884,6865130.735
2.244693517684940,48.883754730224602,34.399700000000003,10.725000000000000,644610.064,6865124.711
2.253232717514040,48.883750915527301,38.073210000000003,12.560000000000000,645236.258,6865118.331
2.261771678924560,48.883747100830099,41.378999999999998,17.691669999999998,645862.436,6865112.019
2.270310640335080,48.883743286132798,44.102840000000000,19.800000000000001,646488.614,6865105.774
2.278849840164190,48.883735656738303,45.789420000000000,22.928329999999999,647114.806,6865099.173
2.287388801574710,48.883731842041001,48.714880000000001,21.282499999999999,647740.986,6865093.063
2.295928001403810,48.883724212646499,52.034010000000002,22.388330000000000,648367.180,6865086.597
2.304466962814330,48.883716583252003,54.590040000000002,20.500000000000000,648993.357,6865080.199
2.313006162643430,48.883708953857401,57.473590000000002,20.758330000000001,649619.553,6865073.869
2.321545124053960,48.883701324462898,59.427979999999998,20.877500000000001,650245.732,6865067.606
2.330084085464480,48.883689880371101,62.971100000000000,19.376670000000001,650871.908,6865060.987
2.338623285293580,48.883682250976598,67.963009999999997,19.465000000000000,651498.106,6865054.860
2.347162246704100,48.883670806884801,62.236280000000001,19.260000000000002,652124.283,6865048.376
2.355701446533200,48.883659362792997,57.317560000000000,14.592499999999999,652750.479,6865041.960
2.364240407943730,48.883647918701200,58.234499999999997,17.751670000000001,653376.659,6865035.612
2.372779369354250,48.883636474609403,70.398939999999996,17.910000000000000,654002.839,6865029.332
2.381318330764770,48.883625030517599,84.852649999999997,18.359999999999999,654629.020,6865023.119
2.389857530593870,48.883613586425803,95.515479999999997,10.352499999999999,655255.219,6865016.974
2.398396492004390,48.883598327636697,97.952330000000003,14.685000000000000,655881.399,6865010.472
2.406935453414920,48.883583068847699,105.760549999999995,12.362500000000001,656507.579,6865004.038
2.415474653244020,48.883567810058601,116.876140000000007,9.520000000000000,657133.777,6864997.672
2.424013614654540,48.883552551269503,118.841669999999993,7.420000000000000,657759.959,6864991.374
2.432552576065060,48.883537292480497,92.905320000000003,999.000000000000000,658386.142,6864985.143
2.219074249267580,48.878143310546903,59.725879999999997,999.000000000000000,642725.180,6864519.042
2.227612495422360,48.878143310546903,38.244970000000002,11.119999999999999,643351.374,6864512.883
2.236150503158570,48.878139495849602,32.694640000000000,8.738329999999999,643977.547,6864506.367
2.244688749313350,48.878139495849602,34.975320000000004,12.696249999999999,644603.742,6864500.344
2.253226757049560,48.878135681152301,38.857140000000001,7.666670000000000,645229.916,6864493.963
2.261765003204350,48.878131866455099,41.287010000000002,5.132000000000000,645856.109,6864487.651
2.270303249359130,48.878128051757798,45.335979999999999,10.903330000000000,646482.302,6864481.406
2.278841257095340,48.878120422363303,53.112310000000001,21.092220000000001,647108.474,6864474.805
2.287379503250120,48.878116607666001,60.423510000000000,22.128329999999998,647734.669,6864468.695
2.295917510986330,48.878108978271499,59.412089999999999,22.250000000000000,648360.843,6864462.229
2.304455757141110,48.878101348877003,53.054169999999999,22.201670000000000,648987.035,6864455.831
2.312993764877320,48.878093719482401,49.551380000000002,22.234439999999999,649613.211,6864449.501
2.321532011032100,48.878086090087898,48.657739999999997,20.616669999999999,650239.405,6864443.238
2.330070257186890,48.878074645996101,49.340119999999999,22.097780000000000,650865.596,6864436.619
2.338608264923100,48.878067016601598,50.803350000000002,19.853330000000000,651491.774,6864430.491
2.347146511077880,48.878055572509801,50.993400000000001,18.504439999999999,652117.967,6864424.007
2.355684518814090,48.878044128417997,50.124110000000002,15.696669999999999,652744.143,6864417.591
2.364222764968870,48.878036499023402,53.439419999999998,15.823330000000000,653370.341,6864411.667
2.372760772705080,48.878021240234403,71.005629999999996,16.796669999999999,653996.515,6864404.962
2.381298780441280,48.878009796142599,91.473050000000001,15.426670000000000,654622.694,6864398.749
2.389837026596070,48.877998352050803,108.627380000000002,15.500000000000000,655248.891,6864392.604
2.398375034332270,48.877983093261697,115.629649999999998,16.422219999999999,655875.068,6864386.103
2.406913280487060,48.877967834472699,115.208929999999995,12.046670000000001,656501.263,6864379.668
2.415451288223270,48.877952575683601,111.724940000000004,6.908890000000000,657127.442,6864373.302
2.423989295959470,48.877937316894503,114.079170000000005,8.276669999999999,657753.621,6864367.004
2.432527542114260,48.877922058105497,92.944090000000003,999.000000000000000,658379.819,6864360.773
2.219072103500370,48.872528076171903,62.306440000000002,999.000000000000000,642718.848,6863894.678
2.227609395980830,48.872528076171903,32.838880000000003,9.520000000000000,643345.039,6863888.518
2.236146688461300,48.872524261474602,32.733600000000003,3.860000000000000,643971.227,6863882.003
2.244683980941770,48.872524261474602,39.714480000000002,7.390000000000000,644597.419,6863875.979
2.253221035003660,48.872520446777301,43.073509999999999,4.520000000000000,645223.591,6863869.599
2.261758327484130,48.872516632080099,46.336309999999997,7.212000000000000,645849.781,6863863.286
2.270295619964600,48.872512817382798,54.860280000000003,22.449999999999999,646475.972,6863857.041
2.278832912445070,48.872505187988303,64.841070000000002,21.965000000000000,647102.160,6863850.440
2.287369966506960,48.872501373291001,67.003569999999996,20.605000000000000,647728.334,6863844.330
2.295907258987430,48.872493743896499,57.483980000000003,22.863330000000001,648354.524,6863837.864
2.304444551467900,48.872486114502003,47.103270000000002,20.820000000000000,648980.714,6863831.466
2.312981605529790,48.872478485107401,42.768509999999999,18.276669999999999,649606.887,6863825.135
2.321518898010250,48.872470855712898,45.105359999999997,21.785000000000000,650233.078,6863818.873
2.330056190490720,48.872459411621101,48.175319999999999,22.591670000000001,650859.267,6863812.253
2.338593244552610,48.872451782226598,48.759090000000000,21.137499999999999,651485.443,6863806.126
2.347130537033080,48.872440338134801,48.705680000000001,18.925000000000001,652111.633,6863799.642
2.355667829513550,48.872428894042997,47.267859999999999,19.167500000000000,652737.824,6863793.226
2.364204883575440,48.872421264648402,48.341720000000002,17.000000000000000,653364.002,6863787.301
2.372742176055910,48.872406005859403,57.925210000000000,15.897500000000001,653990.191,6863780.596
2.381279230117800,48.872394561767599,74.070149999999998,16.475000000000001,654616.368,6863774.383
2.389816522598270,48.872383117675803,96.916070000000005,14.317500000000001,655242.562,6863768.238
2.398353576660160,48.872367858886697,105.573700000000002,16.625000000000000,655868.736,6863761.736
2.406890869140630,48.872352600097699,102.770349999999993,15.654999999999999,656494.929,6863755.302
2.415427923202520,48.872337341308601,98.728769999999997,7.240000000000000,657121.106,6863748.935
2.423965215682980,48.872322082519503,108.233980000000003,8.880000000000001,657747.300,6863742.637
2.432502269744870,48.872306823730497,90.308740000000000,999.000000000000000,658373.478,6863736.406
2.219070196151730,48.866912841796903,64.659400000000005,999.000000000000000,642712.533,6863270.316
2.227606534957890,48.866912841796903,32.016150000000003,8.478750000000000,643338.721,6863264.157
2.236142635345460,48.866909027099602,36.474780000000003,4.420000000000000,643964.889,6863257.641
2.244678974151610,48.866909027099602,45.342939999999999,4.786670000000000,644591.080,6863251.617
2.253215312957760,48.866905212402301,47.872920000000001,5.683330000000000,645217.267,6863245.237
2.261751651763920,48.866901397705099,51.802729999999997,16.291670000000000,645843.454,6863238.924
2.270287990570070,48.866893768310497,63.057310000000001,22.754999999999999,646469.638,6863232.255
2.278824329376220,48.866889953613303,68.251840000000001,21.015560000000001,647095.828,6863226.078
2.287360668182370,48.866886138916001,56.836900000000000,22.111670000000000,647722.017,6863219.968
2.295897006988520,48.866878509521499,44.442439999999998,21.768889999999999,648348.204,6863213.502
2.304433107376100,48.866870880127003,39.457340000000002,21.531669999999998,648974.374,6863207.104
2.312969446182250,48.866863250732401,37.127260000000000,15.682860000000000,649600.562,6863200.773
2.321505784988400,48.866855621337898,39.032739999999997,16.934000000000001,650226.751,6863194.510
2.330042123794560,48.866844177246101,44.028979999999997,23.160000000000000,650852.938,6863187.891
2.338578462600710,48.866836547851598,46.689990000000002,20.716670000000001,651479.128,6863181.763
2.347114562988280,48.866825103759801,46.812309999999997,19.431110000000000,652105.299,6863175.280
2.355650901794430,48.866813659667997,45.352379999999997,17.890000000000001,652731.487,6863168.863
2.364187240600590,48.866806030273402,46.052830000000000,17.823329999999999,653357.680,6863162.939
2.372723579406740,48.866790771484403,51.171660000000003,16.996670000000002,653983.867,6863156.233
2.381259679794310,48.866779327392599,62.594380000000001,15.462220000000000,654610.041,6863150.020
2.389796018600460,48.866767883300803,82.601339999999993,14.233330000000000,655236.233,6863143.875
2.398332357406620,48.866752624511697,86.913690000000003,14.448890000000000,655862.422,6863137.373
2.406868457794190,48.866737365722699,83.016670000000005,14.390000000000001,656488.595,6863130.938
2.415404796600340,48.866722106933601,84.569149999999993,9.148890000000000,657114.787,6863124.572
2.423941135406490,48.866706848144503,97.565290000000005,9.396000000000001,657740.979,6863118.273
2.432477235794070,48.866691589355497,86.242030000000000,999.000000000000000,658367.154,6863112.042
2.219068050384520,48.861297607421903,66.573229999999995,999.000000000000000,642706.200,6862645.958
2.227603435516360,48.861297607421903,32.281410000000001,4.006000000000000,643332.387,6862639.799
2.236138820648190,48.861293792724602,40.875160000000001,8.234999999999999,643958.569,6862633.283
2.244674205780030,48.861293792724602,49.099860000000000,4.215000000000000,644584.757,6862627.259
2.253209590911860,48.861289978027301,51.691369999999999,6.010000000000000,645210.942,6862620.879
2.261744976043700,48.861286163330099,56.010660000000001,20.076670000000000,645837.127,6862614.566
2.270280361175540,48.861278533935497,61.460929999999998,21.145000000000000,646463.309,6862607.897
2.278815746307370,48.861274719238303,59.011850000000003,23.113330000000001,647089.495,6862601.719
2.287351131439210,48.861270904541001,45.250000000000000,25.190000000000001,647715.683,6862595.610
2.295886516571040,48.861263275146499,41.534540000000000,20.660000000000000,648341.867,6862589.144
2.304421901702880,48.861255645752003,41.844749999999998,18.695000000000000,648968.052,6862582.745
2.312957286834720,48.861248016357401,41.199420000000003,17.291670000000000,649594.238,6862576.415
2.321492671966550,48.861240386962898,42.442860000000003,19.305000000000000,650220.424,6862570.152
2.330028057098390,48.861228942871101,44.102919999999997,21.065000000000001,650846.608,6862563.532
2.338563442230230,48.861221313476598,45.027870000000000,22.067499999999999,651472.796,6862557.404
2.347098827362060,48.861209869384801,44.298430000000003,20.293330000000001,652098.982,6862550.920
2.355634212493900,48.861198425292997,43.493450000000003,15.952500000000001,652725.168,6862544.504
2.364169597625730,48.861186981201200,44.009819999999998,17.221670000000000,653351.355,6862538.155
2.372704744338990,48.861175537109403,45.438110000000002,15.690000000000000,653977.525,6862531.874
2.381240129470830,48.861164093017599,52.889139999999998,16.420000000000002,654603.714,6862525.661
2.389775514602660,48.861152648925803,67.347189999999998,11.357500000000000,655229.903,6862519.515
2.398310899734500,48.861137390136697,71.317560000000000,14.116669999999999,655856.091,6862513.013
2.406846284866330,48.861122131347699,68.828190000000006,14.232500000000000,656482.278,6862506.578
2.415381669998170,48.861106872558601,67.211609999999993,7.443330000000000,657108.467,6862500.211
2.423916816711430,48.861091613769503,72.060630000000003,9.007500000000000,657734.640,6862493.912
2.432452201843260,48.861076354980497,81.529920000000004,999.000000000000000,658360.830,6862487.681
2.219065904617310,48.855682373046903,67.335070000000002,999.000000000000000,642699.868,6862021.603
2.227600574493410,48.855682373046903,33.302109999999999,11.003330000000000,643326.069,6862015.443
2.236135005950930,48.855678558349602,42.519320000000000,12.740000000000000,643952.250,6862008.928
2.244669437408450,48.855678558349602,49.634250000000002,4.382000000000000,644578.435,6862002.904
2.253203868865970,48.855674743652301,52.516069999999999,13.348330000000001,645204.617,6861996.523
2.261738300323490,48.855670928955099,52.840260000000001,20.677779999999998,645830.799,6861990.211
2.270272731781010,48.855663299560497,47.307949999999998,22.256670000000000,646456.979,6861983.542
2.278807401657100,48.855659484863303,42.143830000000001,16.170000000000002,647083.180,6861977.364
2.287341833114620,48.855655670166001,39.626790000000000,20.078330000000001,647709.365,6861971.254
2.295876264572140,48.855648040771499,41.846589999999999,19.614439999999998,648335.547,6861964.788
2.304410696029660,48.855640411377003,42.991630000000001,19.851669999999999,648961.730,6861958.390
2.312945127487180,48.855632781982401,43.875459999999997,15.293329999999999,649587.913,6861952.059
2.321479558944700,48.855625152587898,46.605950000000000,19.461670000000002,650214.097,6861945.796
2.330013990402220,48.855613708496101,48.004460000000002,18.826670000000000,650840.278,6861939.176
2.338548421859740,48.855606079101598,47.769860000000001,19.614999999999998,651466.464,6861933.048
2.347082853317260,48.855594635009801,42.873840000000001,18.926670000000001,652092.647,6861926.564
2.355617284774780,48.855583190917997,40.218130000000002,18.251670000000001,652718.831,6861920.148
2.364151716232300,48.855571746826200,42.265770000000003,17.691109999999998,653345.015,6861913.799
2.372686147689820,48.855560302734403,43.140120000000003,16.058330000000002,653971.201,6861907.517
2.381220579147340,48.855548858642599,47.384850000000000,16.525559999999999,654597.387,6861901.304
2.389755010604860,48.855537414550803,57.809770000000000,17.738330000000001,655223.574,6861895.158
2.398289442062380,48.855522155761697,61.574399999999997,14.135560000000000,655849.758,6861888.656
2.406823873519900,48.855506896972699,60.469259999999998,17.076670000000000,656475.944,6861882.221
2.415358304977420,48.855491638183601,58.805630000000001,11.573330000000000,657102.130,6861875.854
2.423892736434940,48.855476379394503,59.114800000000002,7.345000000000000,657728.317,6861869.555
2.432427167892460,48.855461120605497,74.783829999999995,999.000000000000000,658354.505,6861863.323
2.219063997268680,48.850067138671903,68.106930000000006,999.000000000000000,642693.553,6861397.251
2.227597475051880,48.850067138671903,34.425600000000003,11.005000000000001,643319.734,6861391.092
2.236130952835080,48.850063323974602,39.622190000000003,13.082500000000000,643945.912,6861384.576
2.244664669036860,48.850063323974602,42.508629999999997,7.281670000000000,644572.112,6861378.552
2.253198146820070,48.850059509277301,45.663690000000003,18.062500000000000,645198.292,6861372.171
2.261731624603270,48.850055694580099,45.838929999999998,18.333330000000000,645824.472,6861365.859
2.270265340805050,48.850048065185497,40.460819999999998,23.145000000000000,646450.666,6861359.189
2.278798818588260,48.850044250488303,39.120179999999998,16.451670000000000,647076.848,6861353.012
2.287332296371460,48.850040435791001,40.387200000000000,17.809999999999999,647703.030,6861346.902
2.295865774154660,48.850032806396499,42.954949999999997,18.221670000000000,648329.210,6861340.436
2.304399490356440,48.850025177002003,45.193820000000002,22.760000000000002,648955.407,6861334.037
2.312932968139650,48.850017547607401,48.631680000000003,17.388330000000000,649581.588,6861327.706
2.321466445922850,48.850009918212898,51.776789999999998,19.864999999999998,650207.770,6861321.443
2.329999923706060,48.849998474121101,53.850600000000000,15.220000000000001,650833.948,6861314.823
2.338533639907840,48.849990844726598,57.233469999999997,19.922499999999999,651460.149,6861308.695
2.347067117691040,48.849979400634801,49.649189999999997,19.033329999999999,652086.329,6861302.211
2.355600595474240,48.849967956542997,38.853409999999997,18.885000000000002,652712.511,6861295.794
2.364134073257450,48.849956512451200,38.016069999999999,17.223330000000001,653338.693,6861289.445
2.372667551040650,48.849945068359403,41.000970000000002,18.977499999999999,653964.876,6861283.164
2.381201028823850,48.849933624267599,44.531329999999997,15.031670000000000,654591.059,6861276.950
2.389734506607060,48.849922180175803,53.443829999999998,19.680000000000000,655217.244,6861270.804
2.398268222808840,48.849906921386697,55.471429999999998,18.853330000000000,655843.443,6861264.302
2.406801700592040,48.849891662597699,54.833120000000001,18.692499999999999,656469.626,6861257.867
2.415335178375240,48.849876403808601,55.449030000000000,15.851670000000000,657095.810,6861251.500
2.423868656158450,48.849861145019503,54.099190000000000,11.820000000000000,657721.995,6861245.200
2.432402133941650,48.849845886230497,67.069230000000005,999.000000000000000,658348.180,6861238.969
2.219061851501460,48.844451904296903,70.318280000000001,999.000000000000000,642687.220,6860772.902
2.227594614028930,48.844451904296903,36.499839999999999,14.266670000000000,643313.417,6860766.743
2.236127138137820,48.844448089599602,39.791800000000002,14.138330000000000,643939.592,6860760.227
2.244659900665280,48.844448089599602,41.702219999999997,13.673330000000000,644565.790,6860754.203
2.253192424774170,48.844444274902301,43.801189999999998,20.986670000000000,645191.967,6860747.822
2.261724948883060,48.844440460205099,41.675539999999998,20.682220000000001,645818.144,6860741.510
2.270257711410520,48.844432830810497,37.158090000000001,18.066669999999998,646444.336,6860734.840
2.278790235519410,48.844429016113303,37.997270000000000,17.768889999999999,647070.515,6860728.663
2.287322998046880,48.844421386718800,40.883040000000001,17.036670000000001,647696.709,6860722.129
2.295855522155760,48.844417572021499,46.078910000000000,19.818890000000000,648322.889,6860716.087
2.304388046264650,48.844409942627003,51.742249999999999,17.808330000000002,648949.067,6860709.688
2.312920808792110,48.844402313232401,59.082549999999998,19.355560000000001,649575.263,6860703.357
2.321453332901000,48.844394683837898,60.828220000000002,16.726669999999999,650201.442,6860697.094
2.329986095428470,48.844383239746101,60.409230000000001,17.991109999999999,650827.636,6860690.474
2.338518619537350,48.844375610351598,58.356710000000000,18.274999999999999,651453.816,6860684.346
2.347051143646240,48.844364166259801,50.140180000000001,17.007780000000000,652079.994,6860677.861
2.355583906173710,48.844352722167997,42.341830000000002,15.716670000000001,652706.190,6860671.444
2.364116430282590,48.844341278076200,36.672919999999998,15.388890000000000,653332.370,6860665.095
2.372648954391480,48.844329833984403,39.734929999999999,15.256670000000000,653958.550,6860658.814
2.381181478500370,48.844318389892599,43.082250000000002,14.822220000000000,654584.732,6860652.600
2.389714241027830,48.844306945800803,50.939390000000003,18.551670000000001,655210.931,6860646.454
2.398246765136720,48.844291687011697,51.335120000000003,17.199999999999999,655837.111,6860639.951
2.406779289245610,48.844276428222699,51.076760000000000,14.961670000000000,656463.291,6860633.516
2.415311813354490,48.844261169433601,52.623970000000000,12.727779999999999,657089.472,6860627.149
2.423844337463380,48.844245910644503,50.862769999999998,16.699999999999999,657715.655,6860620.849
2.432377099990850,48.844230651855497,59.920560000000002,999.000000000000000,658341.855,6860614.617
2.219059944152830,48.838836669921903,75.213620000000006,999.000000000000000,642680.905,6860148.556
2.227591514587400,48.838836669921903,36.520730000000000,12.810000000000000,643307.082,6860142.397
2.236123323440550,48.838832855224602,38.155790000000003,15.662500000000000,643933.272,6860135.881
2.244654893875120,48.838832855224602,39.157330000000002,13.500000000000000,644559.450,6860129.857
2.253186702728270,48.838829040527301,38.102980000000002,20.809999999999999,645185.642,6860123.477
2.261718273162840,48.838825225830099,34.959550000000000,12.250000000000000,645811.817,6860117.164
2.270250082015990,48.838817596435497,34.752540000000003,10.742500000000000,646438.006,6860110.494
2.278781890869140,48.838813781738303,39.012230000000002,18.803329999999999,647064.200,6860104.317
2.287313461303710,48.838806152343800,46.155059999999999,19.625000000000000,647690.374,6860097.783
2.295845270156860,48.838802337646499,53.750889999999998,19.843330000000002,648316.569,6860091.741
2.304376840591430,48.838794708252003,59.738129999999998,20.032499999999999,648942.744,6860085.342
2.312908649444580,48.838787078857401,66.253600000000006,15.633330000000001,649568.938,6860079.011
2.321440219879150,48.838779449462898,66.948210000000003,16.465000000000000,650195.114,6860072.747
2.329972028732300,48.838768005371101,63.202379999999998,16.170000000000002,650821.305,6860066.127
2.338503599166870,48.838760375976598,54.614690000000003,16.410000000000000,651447.483,6860059.999
2.347035408020020,48.838748931884801,51.201790000000003,18.030000000000001,652073.676,6860053.515
2.355566978454590,48.838737487792997,51.386719999999997,15.832500000000000,652699.852,6860047.098
2.364098787307740,48.838726043701200,41.709820000000001,14.328329999999999,653326.047,6860040.748
2.372630357742310,48.838714599609403,39.601379999999999,14.052500000000000,653952.225,6860034.467
2.381161928176880,48.838703155517599,39.462910000000001,15.178330000000001,654578.404,6860028.253
2.389693737030030,48.838691711425803,44.852870000000003,16.612500000000001,655204.600,6860022.107
2.398225307464600,48.838676452636697,48.259230000000002,19.741669999999999,655830.778,6860015.604
2.406757116317750,48.838661193847699,50.782029999999999,13.667500000000000,656456.973,6860009.169
2.415288686752320,48.838645935058601,53.512529999999998,14.940000000000000,657083.152,6860002.801
2.423820257186890,48.838630676269503,53.366560000000000,5.330000000000000,657709.331,6859996.501
2.432351827621460,48.838615417480497,54.613540000000000,999.000000000000000,658335.512,6859990.269
2.219057798385620,48.833221435546903,82.362949999999998,999.000000000000000,642674.573,6859524.214
2.227588653564450,48.833221435546903,37.198050000000002,20.238890000000001,643300.764,6859518.055
2.236119270324710,48.833217620849602,37.009740000000001,14.751670000000001,643926.934,6859511.539
2.244650125503540,48.833217620849602,36.987340000000003,17.377780000000001,644553.127,6859505.515
2.253180980682370,48.833213806152301,34.482140000000001,20.016670000000001,645179.316,6859499.134
2.261711835861210,48.833209991455099,33.681660000000001,17.082220000000000,645805.507,6859492.821
2.270242452621460,48.833202362060497,36.300649999999997,14.818330000000000,646431.676,6859486.152
2.278773307800290,48.833198547363303,42.978079999999999,13.964440000000000,647057.867,6859479.974
2.287304162979130,48.833190917968800,55.648209999999999,16.070000000000000,647684.056,6859473.440
2.295834779739380,48.833187103271499,63.149999999999999,17.191109999999998,648310.231,6859467.398
2.304365634918210,48.833179473877003,65.142049999999998,18.010000000000002,648936.421,6859460.999
2.312896490097050,48.833171844482401,68.299999999999997,16.025559999999999,649562.612,6859454.668
2.321427106857300,48.833164215087898,70.406329999999997,16.851669999999999,650188.786,6859448.404
2.329957962036130,48.833152770996101,65.250000000000000,15.794440000000000,650814.975,6859441.784
2.338488817214970,48.833145141601598,54.282139999999998,15.588329999999999,651441.168,6859435.656
2.347019433975220,48.833133697509801,55.340479999999999,15.215560000000000,652067.341,6859429.171
2.355550289154050,48.833122253417997,57.789879999999997,17.316669999999998,652693.532,6859422.754
2.364080905914310,48.833110809326200,49.726489999999998,17.858889999999999,653319.706,6859416.405
2.372611761093140,48.833099365234403,41.472749999999998,21.508330000000001,653945.899,6859410.123
2.381142377853390,48.833087921142599,36.168450000000000,13.098750000000001,654572.075,6859403.909
2.389673233032230,48.833072662353501,38.807580000000002,9.190000000000000,655198.266,6859397.338
2.398204088211060,48.833061218261697,46.651190000000000,12.166250000000000,655824.462,6859391.259
2.406734704971310,48.833045959472699,50.415070000000000,6.802500000000000,656450.637,6859384.824
2.415265321731570,48.833030700683601,52.844050000000003,7.297140000000000,657076.813,6859378.456
2.423796176910400,48.833015441894503,55.438000000000002,4.565000000000000,657703.008,6859372.156
2.432326793670650,48.833000183105497,50.480460000000001,999.000000000000000,658329.186,6859365.924
2.219055652618410,48.827606201171903,91.095100000000002,999.000000000000000,642668.240,6858899.875
2.227585554122920,48.827606201171903,45.168830000000000,7.985000000000000,643294.429,6858893.715
2.236115455627440,48.827602386474602,37.265909999999998,12.810000000000000,643920.614,6858887.199
2.244645357131960,48.827598571777301,34.015259999999998,15.316000000000001,644546.800,6858880.751
2.253175258636480,48.827598571777301,36.230060000000002,13.012499999999999,645172.991,6858874.795
2.261705160140990,48.827594757080099,41.726080000000003,11.658329999999999,645799.179,6858868.482
2.270234823226930,48.827587127685497,47.114919999999998,14.180000000000000,646425.346,6858861.812
2.278764724731440,48.827583312988303,52.143639999999998,11.013330000000000,647051.535,6858855.634
2.287294626235960,48.827575683593800,63.090769999999999,12.250000000000000,647677.720,6858849.100
2.295824527740480,48.827571868896499,66.733930000000001,13.758330000000001,648303.911,6858843.058
2.304354429245000,48.827564239502003,67.865449999999996,14.744999999999999,648930.098,6858836.659
2.312884330749510,48.827556610107401,70.213149999999999,20.253329999999998,649556.286,6858830.328
2.321413993835450,48.827548980712898,73.890450000000001,17.872499999999999,650182.458,6858824.064
2.329943895339970,48.827537536621101,71.441370000000006,12.736670000000000,650808.644,6858817.444
2.338473796844480,48.827529907226598,58.216560000000001,20.530000000000001,651434.835,6858811.316
2.347003698349000,48.827518463134801,54.161090000000002,15.535000000000000,652061.022,6858804.831
2.355533361434940,48.827507019042997,58.887390000000003,15.025000000000000,652687.193,6858798.414
2.364063262939450,48.827495574951200,57.047620000000002,14.531670000000000,653313.383,6858792.064
2.372593164443970,48.827484130859403,45.631880000000002,13.690000000000000,653939.573,6858785.782
2.381123065948490,48.827472686767599,35.214120000000001,10.571669999999999,654565.764,6858779.568
2.389652729034420,48.827457427978501,35.114449999999998,14.967499999999999,655191.935,6858772.997
2.398182630538940,48.827445983886697,42.417859999999997,13.553330000000001,655818.128,6858766.918
2.406712532043460,48.827430725097699,48.978520000000003,10.715000000000000,656444.318,6858760.483
2.415242195129390,48.827415466308601,53.039009999999998,9.185000000000000,657070.492,6858754.115
2.423772096633910,48.827400207519503,56.547060000000002,8.953329999999999,657696.684,6858747.815
2.432301759719850,48.827384948730497,47.135880000000000,999.000000000000000,658322.859,6858741.582
2.219053745269770,48.821990966796903,100.840599999999995,999.000000000000000,642661.925,6858275.538
2.227582693099980,48.821990966796903,84.321100000000001,9.331110000000001,643288.111,6858269.379
2.236111640930180,48.821987152099602,60.855680000000000,9.446669999999999,643914.294,6858262.863
2.244640588760380,48.821983337402301,48.611879999999999,11.673330000000000,644540.478,6858256.415
2.253169536590580,48.821983337402301,60.947620000000001,12.221670000000000,645166.666,6858250.458
2.261698484420780,48.821975708007798,72.742329999999995,8.390000000000001,645792.847,6858243.721
2.270227432250980,48.821971893310497,70.703440000000001,8.043329999999999,646419.033,6858237.476
2.278756380081180,48.821968078613303,65.059629999999999,10.022220000000001,647045.219,6858231.298
2.287285327911380,48.821960449218800,68.983029999999999,9.220000000000001,647671.402,6858224.764
2.295814275741580,48.821956634521499,69.127979999999994,7.870000000000000,648297.590,6858218.721
2.304343223571780,48.821949005127003,70.774780000000007,10.015000000000001,648923.775,6858212.322
2.312872171401980,48.821941375732401,73.477810000000005,11.924440000000001,649549.961,6858205.991
2.321400880813600,48.821933746337898,77.005439999999993,15.890000000000001,650176.130,6858199.727
2.329929828643800,48.821922302246101,76.838390000000004,13.810000000000000,650802.313,6858193.107
2.338458776474000,48.821914672851598,64.480869999999996,16.596670000000000,651428.501,6858186.979
2.346987724304200,48.821903228759801,53.856110000000001,14.397779999999999,652054.686,6858180.494
2.355516672134400,48.821891784667997,59.175809999999998,16.515000000000001,652680.872,6858174.076
2.364045619964600,48.821880340576200,59.625169999999997,11.825559999999999,653307.059,6858167.727
2.372574567794800,48.821868896484403,50.805380000000000,9.596670000000000,653933.247,6858161.444
2.381103515625000,48.821857452392599,36.617269999999998,9.810000000000000,654559.435,6858155.230
2.389632225036620,48.821842193603501,33.886260000000000,11.984999999999999,655185.604,6858148.659
2.398161172866820,48.821830749511697,35.205950000000001,14.634440000000000,655811.794,6858142.580
2.406690120697020,48.821815490722699,39.291370000000001,12.651669999999999,656437.982,6858136.144
2.415219068527220,48.821800231933601,43.891320000000000,11.644439999999999,657064.170,6858129.776
2.423748016357420,48.821784973144503,46.434379999999997,9.436669999999999,657690.360,6858123.476
2.432276725769040,48.821769714355497,44.380809999999997,999.000000000000000,658316.532,6858117.243
2.219051599502560,48.816375732421903,111.540670000000006,999.000000000000000,642655.593,6857651.205
2.227579593658450,48.816375732421903,122.116720000000001,8.606669999999999,643281.776,6857645.046
2.236107587814330,48.816371917724602,91.830839999999995,7.980000000000000,643907.957,6857638.530
2.244635820388790,48.816368103027301,81.343509999999995,7.160000000000000,644534.155,6857632.081
2.253163814544680,48.816364288330099,89.390770000000003,7.140000000000000,645160.337,6857625.701
2.261691808700560,48.816360473632798,89.729169999999996,8.503330000000000,645786.519,6857619.388
2.270219802856440,48.816356658935497,81.649829999999994,7.752500000000000,646412.702,6857613.142
2.278747797012330,48.816352844238303,78.263279999999995,7.740000000000000,647038.886,6857606.964
2.287275791168210,48.816345214843800,79.832490000000007,7.390000000000000,647665.067,6857600.430
2.295803785324100,48.816341400146499,77.026790000000005,10.168329999999999,648291.252,6857594.388
2.304331779479980,48.816333770752003,76.310249999999996,10.710000000000001,648917.434,6857587.989
2.312860012054440,48.816326141357401,77.945779999999999,9.463329999999999,649543.635,6857581.657
2.321388006210330,48.816314697265597,79.851330000000004,13.230000000000000,650169.815,6857574.969
2.329916000366210,48.816307067871101,74.977080000000001,8.990000000000000,650795.999,6857568.773
2.338443994522100,48.816299438476598,62.358930000000001,7.900000000000000,651422.185,6857562.644
2.346971988677980,48.816287994384801,59.683329999999998,12.436669999999999,652048.367,6857556.159
2.355499982833860,48.816276550292997,65.747619999999998,11.687500000000000,652674.551,6857549.742
2.364027976989750,48.816265106201200,62.855950000000000,8.008330000000001,653300.735,6857543.392
2.372555971145630,48.816253662109403,58.019109999999998,7.340000000000000,653926.920,6857537.110
2.381083965301510,48.816242218017599,42.704459999999997,11.286670000000001,654553.106,6857530.895
2.389611959457400,48.816226959228501,35.136060000000001,10.612500000000001,655179.289,6857524.324
2.398139953613280,48.816215515136697,33.261009999999999,8.518330000000001,655805.477,6857518.245
2.406667947769170,48.816200256347699,33.793149999999997,9.662500000000000,656431.662,6857511.809
2.415195941925050,48.816184997558601,36.415019999999998,9.640000000000001,657057.848,6857505.441
2.423723697662350,48.816169738769503,38.925890000000003,7.825000000000000,657684.017,6857499.141
2.432251691818240,48.816154479980497,42.084090000000003,999.000000000000000,658310.205,6857492.908
2.219049692153930,48.810760498046903,124.864990000000006,999.000000000000000,642649.278,6857026.875
2.227576732635500,48.810760498046903,142.339290000000005,8.922219999999999,643275.459,6857020.716
2.236103773117060,48.810756683349602,105.266720000000007,8.896670000000000,643901.636,6857014.200
2.244630813598630,48.810752868652301,107.905360000000002,8.227779999999999,644527.815,6857007.751
2.253158092498780,48.810749053955099,109.151790000000005,6.768330000000000,645154.011,6857001.371
2.261685132980350,48.810745239257798,100.308930000000004,8.146670000000000,645780.191,6856995.058
2.270212173461910,48.810741424560497,90.946100000000001,6.595000000000000,646406.372,6856988.812
2.278739452362060,48.810737609863303,87.874030000000005,9.612220000000001,647032.570,6856982.634
2.287266492843630,48.810729980468800,89.113960000000006,7.823330000000000,647658.748,6856976.100
2.295793533325190,48.810722351074197,85.419640000000001,9.984439999999999,648284.927,6856969.633
2.304320573806760,48.810718536377003,80.474029999999999,11.263330000000000,648911.111,6856963.658
2.312847852706910,48.810710906982401,81.371750000000006,8.627780000000000,649537.309,6856957.326
2.321374893188480,48.810699462890597,79.727599999999995,8.734999999999999,650163.486,6856950.638
2.329901933670040,48.810691833496101,67.726789999999994,7.055560000000000,650789.668,6856944.442
2.338428974151610,48.810684204101598,61.400970000000001,7.810000000000000,651415.851,6856938.314
2.346956014633180,48.810672760009801,78.824510000000004,9.504440000000001,652042.031,6856931.828
2.355483293533330,48.810661315917997,80.197400000000002,11.378330000000000,652668.229,6856925.411
2.364010334014890,48.810649871826200,66.875000000000000,8.194440000000000,653294.411,6856919.061
2.372537374496460,48.810638427734403,63.337690000000002,10.053330000000001,653920.593,6856912.779
2.381064414978030,48.810626983642599,52.989970000000000,8.411110000000001,654546.777,6856906.564
2.389591455459600,48.810611724853501,38.999459999999999,9.928330000000001,655172.957,6856899.993
2.398118495941160,48.810600280761697,33.177239999999998,7.435560000000000,655799.142,6856893.913
2.406645536422730,48.810585021972699,32.823509999999999,8.888330000000000,656425.325,6856887.477
2.415172576904300,48.810569763183601,34.995750000000001,8.878890000000000,657051.508,6856881.109
2.423699617385860,48.810554504394503,37.918399999999998,13.923330000000000,657677.692,6856874.808
2.432226657867430,48.810539245605497,40.449849999999998,999.000000000000000,658303.878,6856868.575
2.219047546386720,48.805145263671903,138.646080000000012,999.000000000000000,642642.945,6856402.548
2.227573633193970,48.805145263671903,132.070259999999990,999.000000000000000,643269.124,6856396.389
2.236099958419800,48.805141448974602,125.414450000000002,999.000000000000000,643895.316,6856389.873
2.244626045227050,48.805137634277301,119.664800000000000,999.000000000000000,644521.492,6856383.424
2.253152370452880,48.805133819580099,114.217979999999997,999.000000000000000,645147.686,6856377.044
2.261678457260130,48.805130004882798,108.892290000000003,999.000000000000000,645773.863,6856370.730
2.270204782485960,48.805126190185497,103.681700000000006,999.000000000000000,646400.058,6856364.485
2.278730869293210,48.805122375488303,98.491470000000007,999.000000000000000,647026.237,6856358.307
2.287256956100460,48.805114746093800,93.016520000000000,999.000000000000000,647652.412,6856351.773
2.295783281326290,48.805107116699197,87.758369999999999,999.000000000000000,648278.606,6856345.306
2.304309368133540,48.805103302002003,83.333219999999997,999.000000000000000,648904.787,6856339.331
2.312835693359380,48.805091857910199,80.423990000000003,999.000000000000000,649530.979,6856332.575
2.321361780166630,48.805084228515597,79.347539999999995,999.000000000000000,650157.157,6856326.311
2.329887866973880,48.805076599121101,78.998469999999998,999.000000000000000,650783.337,6856320.115
2.338414192199710,48.805065155029297,78.126900000000006,999.000000000000000,651409.531,6856313.562
2.346940279006960,48.805057525634801,75.670969999999997,999.000000000000000,652035.712,6856307.500
2.355466365814210,48.805046081542997,72.096720000000005,999.000000000000000,652661.890,6856301.083
2.363992691040040,48.805034637451200,67.844620000000006,999.000000000000000,653288.086,6856294.733
2.372518777847290,48.805023193359403,63.232450000000000,999.000000000000000,653914.266,6856288.450
2.381044864654540,48.805011749267599,58.333590000000001,999.000000000000000,654540.447,6856282.235
2.389570951461790,48.804996490478501,52.355539999999998,999.000000000000000,655166.625,6856275.664
2.398097276687620,48.804985046386697,46.281590000000001,999.000000000000000,655792.825,6856269.584
2.406623363494870,48.804969787597699,41.378959999999999,999.000000000000000,656419.005,6856263.148
2.415149450302120,48.804954528808601,38.821570000000001,999.000000000000000,657045.185,6856256.780
2.423675537109380,48.804939270019503,38.470509999999997,999.000000000000000,657671.367,6856250.479
2.432201623916630,48.804924011230497,39.337069999999997,999.000000000000000,658297.550,6856244.246
2.219045400619510,48.799530029296903,,,642636.613,6855778.225
2.227570772171020,48.799526214599602,,,643262.802,6855771.641
2.236095905303960,48.799526214599602,,,643888.978,6855765.549
2.244621276855470,48.799522399902301,,,644515.169,6855759.101
2.253146648406980,48.799518585205099,,,645141.360,6855752.720
2.261671781539920,48.799514770507798,,,645767.535,6855746.407
2.270197153091430,48.799510955810497,,,646393.728,6855740.161
2.278722286224360,48.799507141113303,,,647019.903,6855733.983
2.287247657775880,48.799499511718800,,,647646.094,6855727.448
2.295772790908810,48.799491882324197,,,648272.267,6855720.982
2.304298162460330,48.799484252929702,,,648898.459,6855714.582
2.312823534011840,48.799476623535199,,,649524.652,6855708.250
2.321348667144770,48.799468994140597,,,650150.828,6855701.986
2.329874038696290,48.799461364746101,,,650777.022,6855695.790
2.338399171829220,48.799449920654297,,,651403.196,6855689.237
2.346924304962160,48.799442291259801,,,652029.375,6855683.176
2.355449676513670,48.799430847167997,,,652655.568,6855676.758
2.363974809646610,48.799419403076200,,,653281.744,6855670.408
2.372500181198120,48.799407958984403,,,653907.939,6855664.125
2.381025314331060,48.799396514892599,,,654534.117,6855657.910
2.389550685882570,48.799381256103501,,,655160.310,6855651.338
2.398075819015500,48.799365997314503,,,655786.486,6855644.835
2.406600952148440,48.799354553222699,,,656412.667,6855638.823
2.415126323699950,48.799339294433601,,,657038.862,6855632.454
2.423651456832890,48.799324035644503,,,657665.041,6855626.153
2.432176589965820,48.799304962158203,,,658291.218,6855619.495
